cement,blast_furnace_slag,fly_ash,water,superplasticizer,coarse_aggregate,fine_aggregate ,age
182,42.1,163.8,121.8,5.7,1058.7,780.1,3
182,42.1,163.8,121.8,5.7,1058.7,780.1,14
182,42.1,163.8,121.8,5.7,1058.7,780.1,28
183.9,42.1,163.8,121.8,5.7,1058.7,780.1,56
183.9,42.1,163.8,121.8,5.7,1058.7,780.1,100
148.5,93.8,0,126.6,23.4,852.1,992.6,3
153,93.8,0,126.6,23.4,852.1,992.6,7
157,93.8,0,126.6,23.4,852.1,992.6,28
164,93.8,0,126.6,23.4,852.1,992.6,56
166.8,93.8,0,126.6,23.4,852.1,992.6,91
425,145,0,127,8,1000,822,28
475,144.7,0,127.3,8,999.7,822.2,28
149,117.2,0,137.8,32.2,852.1,840.5,3
153,117.2,0,137.8,32.2,852.1,840.5,7
157,117.2,0,137.8,32.2,852.1,840.5,28
164.6,117.2,0,137.8,32.2,852.1,840.5,56
167,117.2,0,137.8,32.2,852.1,840.5,91
230,0,0,140,4,966,853,28
220.8,54.6,123.8,140.8,11.9,1075.7,792.7,3
220.8,54.6,123.8,140.8,11.9,1075.7,792.7,14
222.4,54.6,123.8,140.8,11.9,1075.7,792.7,28
222.4,54.6,123.8,140.8,11.9,1075.7,792.7,56
222.4,54.6,123.8,140.8,11.9,1075.7,792.7,100
149,0,0,141.8,28.2,852.1,893.7,3
153.1,0,0,141.8,28.2,852.1,893.7,7
158.4,0,0,141.8,28.2,852.1,893.7,28
165,0,0,141.8,28.2,852.1,893.7,56
167,0,0,141.8,28.2,852.1,893.7,91
231.8,0,59,142,1.9,1098,641,28
213.7,0,125.1,143.3,12,1086.8,800.9,3
213.7,0,125.1,143.3,12,1086.8,800.9,14
213.7,0,125.1,143.3,12,1086.8,800.9,28
213.7,0,125.1,143.3,12,1086.8,800.9,56
213.7,0,125.1,143.3,12,1086.8,800.9,100
151.6,200.9,0,144.7,11.2,1004.6,803.7,3
155,200.9,0,144.7,11.2,1004.6,803.7,7
159.8,200.9,0,144.7,11.2,1004.6,803.7,28
165,200.9,0,144.7,11.2,1004.6,803.7,56
167.4,200.9,0,144.7,11.2,1004.6,803.7,91
231.8,137,0,145,5.9,1130,745,28
260,19,97,145,13.1,967,871,28
260.9,19,97,145,12.3,967,871,28
152,189,0,145.9,22,944.7,755.8,3
155,189,0,145.9,22,944.7,755.8,7
160,189,0,145.9,22,944.7,755.8,28
166.1,189,0,145.9,22,944.7,755.8,56
168,189,0,145.9,22,944.7,755.8,91
376,0,0,146,0,896,896,7
148,0,0,146,0,1120,800,28
379.5,0,0,146,0,896,896,28
212.6,0,99.9,146.1,12.4,1006,899.8,3
212.6,0,99.9,146.1,12.4,1006,899.8,14
212.6,0,99.9,146.1,12.4,1006,899.8,28
212.6,0,99.9,146.1,12.4,1006,899.8,56
212.6,0,99.9,146.1,12.4,1006,899.8,100
213.5,0,98.8,146.3,14.2,987.8,889,3
213.5,0,98.8,146.3,14.2,987.8,889,14
213.5,0,98.8,146.3,14.2,987.8,889,28
213.5,0,98.8,146.3,14.2,987.8,889,56
213.5,0,98.8,146.3,14.2,987.8,889,100
150,94.7,0,147.4,11.4,946.8,852.1,3
154,94.7,0,147.4,11.4,946.8,852.1,7
158.8,94.7,0,147.4,11.4,946.8,852.1,28
165,94.7,0,147.4,11.4,946.8,852.1,56
167.4,94.7,0,147.4,11.4,946.8,852.1,91
237.5,0,0,151,9,1033,655,28
148.1,106.3,0,151.4,18.6,936,803.7,3
153,106.3,0,151.4,18.6,936,803.7,7
157,106.3,0,151.4,18.6,936,803.7,28
164,106.3,0,151.4,18.6,936,803.7,56
166.8,106.3,0,151.4,18.6,936,803.7,91
148.1,106.3,0,153.5,16.5,852.1,887.1,3
149,106.3,0,153.5,16.5,852.1,887.1,3
149.5,106.3,0,153.5,16.5,852.1,887.1,3
153,106.3,0,153.5,16.5,852.1,887.1,7
153,106.3,0,153.5,16.5,852.1,887.1,7
153.6,106.3,0,153.5,16.5,852.1,887.1,7
156,106.3,0,153.5,16.5,852.1,887.1,28
157,106.3,0,153.5,16.5,852.1,887.1,28
158.6,106.3,0,153.5,16.5,852.1,887.1,28
162,106.3,0,153.5,16.5,852.1,887.1,56
165,106.3,0,153.5,16.5,852.1,887.1,56
165,106.3,0,153.5,16.5,852.1,887.1,56
166.8,106.3,0,153.5,16.5,852.1,887.1,91
167,106.3,0,153.5,16.5,852.1,887.1,91
167,106.3,0,153.5,16.5,852.1,887.1,91
151,151.2,0,153.9,15.9,1134.3,605,3
154.8,151.2,0,153.9,15.9,1134.3,605,7
159,151.2,0,153.9,15.9,1134.3,605,28
165,151.2,0,153.9,15.9,1134.3,605,56
167.4,151.2,0,153.9,15.9,1134.3,605,91
276,19,141,154,10.9,942,801,3
276.4,19,141,154,10.9,942,801,3
277,19,141,154,10.9,942,801,7
277,19,141,154,10.9,942,801,7
275.1,19,141,154,10.9,942,801,28
275.1,19,141,154,10.9,942,801,28
277,19,141,154,10.9,942,801,56
277,19,141,154,10.9,942,801,56
218.2,0,174.2,154.6,11.7,1052.3,775.5,3
218.2,0,174.2,154.6,11.7,1052.3,775.5,14
218.2,0,174.2,154.6,11.7,1052.3,775.5,28
218.2,0,174.2,154.6,11.7,1052.3,775.5,56
218.2,0,174.2,154.6,11.7,1052.3,775.5,100
214.9,0,174.7,154.8,10.2,1053.5,776.4,3
214.9,0,174.7,154.8,10.2,1053.5,776.4,14
214.9,0,174.7,154.8,10.2,1053.5,776.4,28
214.9,0,174.7,154.8,10.2,1053.5,776.4,56
214.9,0,174.7,154.8,10.2,1053.5,776.4,100
222.4,53.8,121.9,155.6,9.6,1014.3,780.6,3
222.4,53.8,121.9,155.6,9.6,1014.3,780.6,14
225,53.8,121.9,155.6,9.6,1014.3,780.6,28
225,53.8,121.9,155.6,9.6,1014.3,780.6,56
228,53.8,121.9,155.6,9.6,1014.3,780.6,100
150,212.5,0,155.7,14.3,852.1,880.4,3
154,212.5,0,155.7,14.3,852.1,880.4,7
158.8,212.5,0,155.7,14.3,852.1,880.4,28
165,212.5,0,155.7,14.3,852.1,880.4,56
167,212.5,0,155.7,14.3,852.1,880.4,91
238,13.6,172.4,156.8,4.1,1006.3,856.4,3
239.6,13.6,172.4,156.8,4.1,1006.3,856.4,14
250,13.6,172.4,156.8,4.1,1006.3,856.4,28
250.2,13.6,172.4,156.8,4.1,1006.3,856.4,56
251.4,13.6,172.4,156.8,4.1,1006.3,856.4,100
255,20,94,157,14.3,938,845,3
255,20,94,157,13.9,938,845,3
255,20,94,157,11.6,938,845,3
255,20,94,157,14.3,938,845,7
255,20,94,157,13.9,938,845,7
255.3,20,94,157,11.6,938,845,7
254,20,94,157,14.3,938,845,28
254,20,94,157,13.9,938,845,28
254,20,94,157,11.6,938,845,28
255.5,20,94,157,14.3,938,845,56
255.5,20,94,157,13.9,938,845,56
259.9,20,94,157,11.6,938,845,56
149,97.1,0,157.9,12.1,852.1,925.7,3
153.1,97.1,0,157.9,12.1,852.1,925.7,7
158,97.1,0,157.9,12.1,852.1,925.7,28
165,97.1,0,157.9,12.1,852.1,925.7,56
167,97.1,0,157.9,12.1,852.1,925.7,91
233.8,0,136,158,20,903,768,28
380,0,175,158,18,943,844,28
393,0,137,158,16,1002,830,28
213.5,0,98.8,158.1,12.8,987.8,889,3
213.5,0,98.8,158.1,12.8,987.8,889,14
213.5,0,98.8,158.1,12.8,987.8,889,28
446,0,136.6,158.1,16.1,1001.8,830.1,28
213.5,0,98.8,158.1,12.8,987.8,889,56
213.5,0,98.8,158.1,12.8,987.8,889,100
210.7,42.2,124.3,158.3,10.8,1080.8,796.2,3
212,42.2,124.3,158.3,10.8,1080.8,796.2,14
212,42.2,124.3,158.3,10.8,1080.8,796.2,28
212,42.2,124.3,158.3,10.8,1080.8,796.2,56
212,42.2,124.3,158.3,10.8,1080.8,796.2,100
500,0,174.9,158.4,17.9,942.7,844.5,28
228,0,124.1,158.5,11.3,1078.7,794.9,3
229.7,0,124.1,158.5,11.3,1078.7,794.9,14
229.7,0,124.1,158.5,11.3,1078.7,794.9,28
229.7,0,124.1,158.5,11.3,1078.7,794.9,56
229.7,0,124.1,158.5,11.3,1078.7,794.9,100
194.7,0,124.8,159,7.8,1085.4,799.5,3
194.7,0,124.8,159,7.8,1085.4,799.5,14
194.7,0,124.8,159,7.8,1085.4,799.5,28
236,180,95,159,9.5,860,800,28
194.7,0,124.8,159,7.8,1085.4,799.5,56
194.7,0,124.8,159,7.8,1085.4,799.5,100
238.1,0,174.2,159.2,11.7,1043.6,771.9,3
249.1,0,174.2,159.2,11.7,1043.6,771.9,14
250,0,174.2,159.2,11.7,1043.6,771.9,28
251.4,0,174.2,159.2,11.7,1043.6,771.9,56
251.8,0,174.2,159.2,11.7,1043.6,771.9,100
192,0,100.4,159.3,8.7,1007.8,903.6,3
192,0,100.4,159.3,8.7,1007.8,903.6,14
192,0,100.4,159.3,8.7,1007.8,903.6,28
192,0,100.4,159.3,8.7,1007.8,903.6,56
193.5,0,100.4,159.3,8.7,1007.8,903.6,100
193.5,0,100.4,159.4,10.4,1003.8,903.8,3
194.7,0,100.4,159.4,10.4,1003.8,903.8,14
194.7,0,100.4,159.4,10.4,1003.8,903.8,28
194.7,0,100.4,159.4,10.4,1003.8,903.8,56
194.7,0,100.4,159.4,10.4,1003.8,903.8,100
213.7,0,121.4,159.5,9.9,1053.6,777.5,3
213.7,0,121.4,159.5,9.9,1053.6,777.5,14
213.7,0,121.4,159.5,9.9,1053.6,777.5,28
213.7,0,121.4,159.5,9.9,1053.6,777.5,56
213.7,0,121.4,159.5,9.9,1053.6,777.5,100
237,119,0,160,9,1061,657,28
212.1,0,97.4,160.6,11.8,973.9,875.6,3
212.1,0,97.4,160.6,11.8,973.9,875.6,14
212.1,0,97.4,160.6,11.8,973.9,875.6,28
212.1,0,97.4,160.6,11.8,973.9,875.6,56
212.1,0,97.4,160.6,11.8,973.9,875.6,100
218.9,97.8,24.5,160.7,11.2,1061.7,782.5,3
218.9,97.8,24.5,160.7,11.2,1061.7,782.5,14
218.9,97.8,24.5,160.7,11.2,1061.7,782.5,28
218.9,97.8,24.5,160.7,11.2,1061.7,782.5,56
218.9,97.8,24.5,160.7,11.2,1061.7,782.5,100
178,0,125.2,161.9,9.9,1088.1,802.6,3
181.4,0,125.2,161.9,9.9,1088.1,802.6,14
181.4,0,125.2,161.9,9.9,1088.1,802.6,28
181.4,0,125.2,161.9,9.9,1088.1,802.6,56
181.4,0,125.2,161.9,9.9,1088.1,802.6,100
252,24,79,162,11.6,967,712,3
252.1,24,79,162,11.6,967,712,3
252.3,24,79,162,11.6,967,712,3
252.3,24,79,162,11.6,967,712,7
252.3,24,79,162,11.6,967,712,7
252.3,24,79,162,11.6,967,712,7
102,0,0,162,2.5,1040,676,28
102,0,0,162,2.5,1055,676,28
231.8,0,0,162,8.2,801,802,28
236,0,0,162,8.3,801,802,28
236,0,0,162,9.5,1044,662,28
237.5,180,120,162,10.4,830,765,28
252,24,79,162,11.6,967,712,28
252,24,79,162,11.6,967,712,28
252,24,79,162,11.6,967,712,28
252,24,79,162,10.3,967,712,28
252.3,24,79,162,11.6,967,712,56
252.5,24,79,162,11.6,967,712,56
252.5,24,79,162,11.6,967,712,56
254,24,79,162,10.3,967,712,56
173,0,125.4,162.1,7.8,1090,804,3
173.5,0,125.4,162.1,7.8,1090,804,14
173.5,0,125.4,162.1,7.8,1090,804,28
173.5,0,125.4,162.1,7.8,1090,804,56
173.5,0,125.4,162.1,7.8,1090,804,100
236.9,190,0,163,7.6,1031,685,28
480,0,107.5,163.6,12.8,953.2,784,28
237.5,0,143.6,163.8,0,1005.6,900.9,3
238.1,0,143.6,163.8,0,1005.6,900.9,14
249.1,0,143.6,163.8,0,1005.6,900.9,28
250,0,143.6,163.8,0,1005.6,900.9,56
251.4,0,143.6,163.8,0,1005.6,900.9,100
238,75.4,167,164,7.9,1007.3,770.1,3
246.8,75.4,167,164,7.9,1007.3,770.1,14
250,75.4,167,164,7.9,1007.3,770.1,28
425,0,107,164,13,953,784,28
251.4,75.4,167,164,7.9,1007.3,770.1,56
251.4,75.4,167,164,7.9,1007.3,770.1,100
238,50.1,173.5,164.8,6.5,1006.2,793.5,3
246.8,50.1,173.5,164.8,6.5,1006.2,793.5,14
250,50.1,173.5,164.8,6.5,1006.2,793.5,28
250.2,50.1,173.5,164.8,6.5,1006.2,793.5,56
251.4,50.1,173.5,164.8,6.5,1006.2,793.5,100
150.7,189,0,164.9,11.6,944.7,755.8,3
151,189,0,164.9,11.6,944.7,755.8,3
151.8,189,0,164.9,11.6,944.7,755.8,3
152.6,189,0,164.9,11.6,944.7,755.8,3
154.8,189,0,164.9,11.6,944.7,755.8,7
154.8,189,0,164.9,11.6,944.7,755.8,7
155,189,0,164.9,11.6,944.7,755.8,7
155,189,0,164.9,11.6,944.7,755.8,7
159,189,0,164.9,11.6,944.7,755.8,28
159.1,189,0,164.9,11.6,944.7,755.8,28
160,189,0,164.9,11.6,944.7,755.8,28
160.2,189,0,164.9,11.6,944.7,755.8,28
165,189,0,164.9,11.6,944.7,755.8,56
165,189,0,164.9,11.6,944.7,755.8,56
166,189,0,164.9,11.6,944.7,755.8,56
166.1,189,0,164.9,11.6,944.7,755.8,56
167.4,189,0,164.9,11.6,944.7,755.8,91
167.4,189,0,164.9,11.6,944.7,755.8,91
168,189,0,164.9,11.6,944.7,755.8,91
168,189,0,164.9,11.6,944.7,755.8,91
231.8,0,0,165,11.3,1030,745,28
172.4,0,100.5,165.6,7.5,1006.4,905.9,3
172.4,0,100.5,165.6,7.5,1006.4,905.9,14
173,0,100.5,165.6,7.5,1006.4,905.9,28
173,0,100.5,165.6,7.5,1006.4,905.9,56
173,0,100.5,165.6,7.5,1006.4,905.9,100
238.1,0,125.2,166.6,9.9,1079,798.9,3
246.8,0,125.2,166.6,9.9,1079,798.9,14
250,0,125.2,166.6,9.9,1079,798.9,28
500,0,183.9,166.6,11.6,991.2,772.2,28
251.4,0,125.2,166.6,9.9,1079,798.9,56
251.8,0,125.2,166.6,9.9,1079,798.9,100
450.1,0,185.3,166.7,15.6,1074.5,678,28
236,17.2,158,167,20.8,967,633,28
236,17.5,163,167,17.9,996,652,28
380,0,184,167,12,991,772,28
397,0,185,167,16,1074,678,28
500,178.1,138.7,167.5,18.3,944,694.6,28
500,142.8,111.2,167.8,22.1,913.9,651.2,28
500,142.8,0,167.9,10,914.3,804,28
272.8,22,132,168,8.9,822,750,3
272.8,22,132,168,8.9,822,750,7
266,22,132,168,8.9,822,750,28
380,178,139,168,18,944,695,28
380,143,111,168,22,914,651,28
380,143,0,168,10,914,804,28
387,250,0,168,12,1049,688,28
401.8,120,0,168,7,970,794,28
272.8,22,132,168,8.9,822,750,56
212,0,96.2,168.1,9.4,961.2,865,3
212,0,96.2,168.1,9.4,961.2,865,14
212,0,96.2,168.1,9.4,961.2,865,28
212,0,96.2,168.1,9.4,961.2,865,56
212,0,96.2,168.1,9.4,961.2,865,100
469,119.7,0,168.3,7.2,970.4,794.2,28
540,250,0,168.4,12.2,1049.3,688.2,28
202,0,167,169.6,7.6,1055.6,777.8,3
202,0,167,169.6,7.6,1055.6,777.8,14
202,0,167,169.6,7.6,1055.6,777.8,28
203.5,0,167,169.6,7.6,1055.6,777.8,56
203.5,0,167,169.6,7.6,1055.6,777.8,100
531.3,0,112.6,169.9,10.1,925.3,782.9,28
233.8,0,0,170,5.2,855,855,28
387,0,113,170,10,925,783,28
148,189.2,0,170.1,10.1,926.1,756.7,3
153,189.2,0,170.1,10.1,926.1,756.7,7
155.6,189.2,0,170.1,10.1,926.1,756.7,28
162,189.2,0,170.1,10.1,926.1,756.7,56
166.1,189.2,0,170.1,10.1,926.1,756.7,91
203.5,45.2,122,170.2,8.2,1059.4,780.7,3
238.1,0,100.5,170.2,7.5,998,901.8,3
203.5,45.2,122,170.2,8.2,1059.4,780.7,14
249.1,0,100.5,170.2,7.5,998,901.8,14
203.5,45.2,122,170.2,8.2,1059.4,780.7,28
250,0,100.5,170.2,7.5,998,901.8,28
203.5,45.2,122,170.2,8.2,1059.4,780.7,56
251.4,0,100.5,170.2,7.5,998,901.8,56
210.7,45.2,122,170.2,8.2,1059.4,780.7,100
251.8,0,100.5,170.2,7.5,998,901.8,100
469,100.6,78.4,170.6,10.4,935.7,762.9,28
401.8,101,78,171,10,936,763,28
425,175,0,171,2,1000,828,28
480,175.1,0,171.2,2.2,1000,828.5,28
212.5,0,95.6,171.5,8.9,955.1,859.2,3
212.5,0,95.6,171.5,8.9,955.1,859.2,14
212.5,0,95.6,171.5,8.9,955.1,859.2,28
212.5,0,95.6,171.5,8.9,955.1,859.2,56
212.5,0,95.6,171.5,8.9,955.1,859.2,100
491,161.6,125.8,171.6,10.4,922.6,764.4,28
382,129,100,172,9,825,805,28
425,162,126,172,10,923,764,28
238.1,93.4,159.9,172.3,9.7,1007.2,746.6,3
246.8,93.4,159.9,172.3,9.7,1007.2,746.6,14
250,93.4,159.9,172.3,9.7,1007.2,746.6,28
251.4,93.4,159.9,172.3,9.7,1007.2,746.6,56
251.4,93.4,159.9,172.3,9.7,1007.2,746.6,100
520,128.9,100.4,172.4,9.5,825.1,804.9,28
362.6,0,0,173,0,1125,613,3
342,0,0,173,0,1125,613,7
342,0,0,173,0,1125,613,14
342,0,0,173,0,1125,613,28
349,0,0,173,0,1125,613,90
349,0,0,173,0,1125,613,180
349,0,0,173,0,1125,613,270
500.1,166.6,129.7,173.5,10.9,882.6,785.3,28
475,236.8,0,173.8,11.9,1069.3,674.8,28
194.7,0,121.6,174,6.7,1056.4,778.5,3
198.6,0,121.6,174,6.7,1056.4,778.5,14
198.6,0,121.6,174,6.7,1056.4,778.5,28
381.4,167,130,174,11,883,785,28
385,166,0,174,9,882,790,28
424,237,0,174,12,1069,675,28
525,166.4,0,174,8.9,881.6,790,28
198.6,0,121.6,174,6.7,1056.4,778.5,56
198.6,0,121.6,174,6.7,1056.4,778.5,100
213.8,0,117.5,174.8,9.5,1022.8,753.5,3
213.8,0,117.5,174.8,9.5,1022.8,753.5,14
213.8,0,117.5,174.8,9.5,1022.8,753.5,28
213.8,0,117.5,174.8,9.5,1022.8,753.5,56
213.8,0,117.5,174.8,9.5,1022.8,753.5,100
152.7,189,0,174.9,9.5,944.7,755.8,3
155.2,189,0,174.9,9.5,944.7,755.8,7
162,189,0,174.9,9.5,944.7,755.8,28
166.1,189,0,174.9,9.5,944.7,755.8,56
168,189,0,174.9,9.5,944.7,755.8,91
233.8,0,0,175,5.2,870,805,28
236,0,0,175,0,1120,695,28
380,149,116,175,15,953,720,28
237.5,128.5,132.1,175.1,8.1,1005.8,746.6,3
238.2,128.5,132.1,175.1,8.1,1005.8,746.6,14
249.1,128.5,132.1,175.1,8.1,1005.8,746.6,28
500,148.9,116,175.1,15,953.3,719.7,28
250,128.5,132.1,175.1,8.1,1005.8,746.6,56
251.4,128.5,132.1,175.1,8.1,1005.8,746.6,100
148,262.2,0,175.5,8.6,1046.9,611.8,3
237.5,129.9,128.6,175.5,7.8,1006.3,746.6,3
153,262.2,0,175.5,8.6,1046.9,611.8,7
239.6,129.9,128.6,175.5,7.8,1006.3,746.6,14
156,262.2,0,175.5,8.6,1046.9,611.8,28
250,129.9,128.6,175.5,7.8,1006.3,746.6,28
162,262.2,0,175.5,8.6,1046.9,611.8,56
250.2,129.9,128.6,175.5,7.8,1006.3,746.6,56
166.1,262.2,0,175.5,8.6,1046.9,611.8,91
251.4,129.9,128.6,175.5,7.8,1006.3,746.6,100
540,186.7,0,175.6,11.3,989.6,788.9,28
446,236,0,175.8,12.6,846.8,892.7,28
388.6,187,0,176,11,990,789,28
393,236,0,176,13,847,893,28
427.5,15,195,176,6,1021,709,28
181.4,0,163.3,176.5,4.5,1058.6,780.1,3
181.9,0,163.3,176.5,4.5,1058.6,780.1,14
181.9,0,163.3,176.5,4.5,1058.6,780.1,28
182,0,163.3,176.5,4.5,1058.6,780.1,56
182,0,163.3,176.5,4.5,1058.6,780.1,100
387,121,0,177,7,908,829,28
531.3,121,0,177.4,7,907.9,829.5,28
469,160.5,0,177.6,9.6,916.6,759.5,28
475,112.3,87.5,177.9,10.4,909.7,744.5,28
266,22,132,178,8.5,882,750,3
266.2,22,132,178,8.5,822,750,7
266,22,132,178,8.5,822,750,28
388.6,0,113,178,8,1002,689,28
389.9,145,0,178,8,867,824,28
393,145,113,178,8,1002,689,28
393,145,113,178,8,867,824,28
397,145,0,178,8,1000,822,28
401.8,161,0,178,10,917,759,28
424,112,87,178,10,910,745,28
425,136,106,178,7,941,774,28
425,145,0,178,8,1002,689,28
425,0,0,178,8,1000,822,28
272.6,22,132,178,8.5,822,750,56
446,144.7,0,178.1,8,999.7,822.2,28
475,136.3,106.2,178.1,7.5,941.5,774.3,28
491,0,0,178.1,8,999.7,822.2,28
439,0,113,178.5,8,1001.9,688.7,28
446,145,0,178.5,8,867.2,824,28
446,145,113,178.5,8,1001.9,688.7,28
446,145,113,178.5,8,867.2,824,28
480,145,0,178.5,8,1001.9,688.7,28
491,190.1,148.1,178.8,18.8,838.1,741.4,28
475,145.3,113.2,178.9,8,869.1,690.2,28
525,206.5,160.9,178.9,5.5,866.9,735.6,28
275.1,15,141,179,5.5,842,801,3
275.1,15,141,179,5.5,842,801,7
275,15,141,179,5.5,842,801,28
379.5,190,148,179,19,838,741,28
385,207,161,179,5,867,736,28
424,145,113,179,8,869,690,28
275.1,15,141,179,5.5,842,801,56
540,116,90.3,179.6,8.9,870.1,768.3,28
237.5,129.8,118.6,179.9,3.6,1007.3,746.8,3
238.2,129.8,118.6,179.9,3.6,1007.3,746.8,14
250,129.8,118.6,179.9,3.6,1007.3,746.8,28
250.2,129.8,118.6,179.9,3.6,1007.3,746.8,56
251.4,129.8,118.6,179.9,3.6,1007.3,746.8,100
304.8,0,0,180,0,1125,845,7
305,0,0,180,0,1125,845,28
382.5,243,0,180,11,1022,698,28
387,116,90,180,9,870,768,28
424,0,166,180,10,961,805,28
475,0,165.7,180.2,10,961,804.9,28
173.5,0,121.6,180.3,5.7,1057.6,779.3,3
173.8,0,121.6,180.3,5.7,1057.6,779.3,14
173.8,0,121.6,180.3,5.7,1057.6,779.3,28
522,243.5,0,180.3,10.7,1022,697.7,28
173.8,0,121.6,180.3,5.7,1057.6,779.3,56
173.8,0,121.6,180.3,5.7,1057.6,779.3,100
475,0,133.6,180.8,11.1,979.5,811.5,28
305.3,0,0,181,0,1113,833,7
305.3,0,0,181,0,1113,833,28
387,0,200,181,13,849,846,28
405,0,134,181,11,979,812,28
425,0,182,181,15,839,884,28
149,118.8,0,181.1,8.9,852.1,781.5,3
153,118.8,0,181.1,8.9,852.1,781.5,7
157,118.8,0,181.1,8.9,852.1,781.5,28
164.2,118.8,0,181.1,8.9,852.1,781.5,56
166.8,118.8,0,181.1,8.9,852.1,781.5,91
531.3,0,200.1,181.2,12.6,849.3,846,28
480,0,182.1,181.4,15,838.9,884.3,28
522,0,150.4,181.6,11.7,1023.3,728.9,28
183.9,98.1,24.5,181.7,6.9,1065.8,785.4,3
190,98.1,24.5,181.7,6.7,1066,785.5,3
183.9,98.1,24.5,181.7,6.9,1065.8,785.4,14
190,98.1,24.5,181.7,6.7,1066,785.5,14
184,98.1,24.5,181.7,6.9,1065.8,785.4,28
190,98.1,24.5,181.7,6.7,1066,785.5,28
186.2,98.1,24.5,181.7,6.9,1065.8,785.4,56
190,98.1,24.5,181.7,6.7,1066,785.5,56
186.2,98.1,24.5,181.7,6.9,1065.8,785.4,100
190,98.1,24.5,181.7,6.7,1066,785.5,100
475,0,0,181.9,3.4,985.8,816.8,28
475,172.6,0,181.9,3.4,985.8,816.8,28
310,0,0,182,0,1100,820,7
236,128,122,182,6.4,824,879,28
310,0,0,182,0,1100,820,28
382,0,150,182,12,1023,729,28
387,0,128,182,11,870,780,28
401.8,0,0,182,3,986,817,28
425,173,0,182,3,986,817,28
531.3,0,127.9,182.5,11.5,870.1,779.7,28
469,117.6,91.7,182.9,7.1,953.4,780.3,28
307,0,0,183,0,1088,808,7
307,0,0,183,0,1088,808,28
387,260,0,183,13,859,827,28
400,118,92,183,7,953,780,28
540,259.7,0,183.2,12.7,858.8,826.8,28
150.9,282.8,0,183.8,10.3,942.7,659.9,3
154.8,282.8,0,183.8,10.3,942.7,659.9,7
159,282.8,0,183.8,10.3,942.7,659.9,28
165,282.8,0,183.8,10.3,942.7,659.9,56
305.3,0,0,184,0,1063,783,7
307,0,0,184,0,1075,795,7
236,116,119,184,5.7,833,880,28
305.3,0,0,184,0,1063,783,28
307,0,0,184,0,1075,795,28
393,0,112,184,8,992,816,28
446,0,111.9,184.4,7.9,992,815.9,28
355.9,0,0,185,0,1069,754,7
356,0,0,185,0,1069,769,7
362.6,0,0,185,0,1111,784,7
362.6,0,0,185,0,1047,739,7
233.8,0,0,185,6.9,920,720,28
339,0,0,185,0,1104,774,28
356,0,0,185,0,1069,754,28
359,0,0,185,0,1069,769,28
359,0,0,185,0,1118,789,28
362.6,0,0,185,0,1111,784,28
362.6,0,0,185,0,1060,754,28
366,0,0,185,0,1047,739,28
374,0,0,185,0,1111,784,28
376,0,0,185,0,1040,734,28
427.5,187,195,185,7,898,636,28
284,238.2,0,185.7,0,1040.6,734.3,7
284,359.4,0,185.7,0,941.6,664.3,7
284,158.8,0,185.7,0,1040.6,734.3,7
286.3,170.3,0,185.7,0,1026.6,724.3,7
286.3,181.9,0,185.7,0,1012.4,714.3,7
287,0,0,185.7,0,1047.8,739.3,7
287.3,316.1,0,185.7,0,977,689.3,7
288,0,0,185.7,0,1091.4,769.3,7
288,135.7,0,185.7,0,1076.2,759.3,7
288,0,0,185.7,0,1040.6,734.3,7
289,147.2,0,185.7,0,1055,744.3,7
289,203.5,0,185.7,0,1076.2,759.3,7
290.2,0,0,185.7,0,1069.2,754.3,7
290.4,290.2,0,185.7,0,998.2,704.3,7
290.4,193.5,0,185.7,0,998.2,704.3,7
290.4,272.8,0,185.7,0,1012.4,714.3,7
295,342.1,0,185.7,0,955.8,674.3,7
295.7,0,0,185.7,0,1104.6,784.3,7
295.7,124.1,0,185.7,0,1083.4,764.3,7
295.8,0,0,185.7,0,1118.8,789.3,7
296,0,0,185.7,0,1111.6,784.3,7
296,210.7,0,185.7,0,977,689.3,7
296,155.5,0,185.7,0,1026.6,724.3,7
284,272.8,0,185.7,0,1012.4,714.3,28
285,290.2,0,185.7,0,998.2,704.3,28
286.3,359.4,0,185.7,0,941.6,664.3,28
286.3,147.2,0,185.7,0,1055,744.3,28
286.3,0,0,185.7,0,1040.6,734.3,28
288,238.2,0,185.7,0,1040.6,734.3,28
288,170.3,0,185.7,0,1026.6,724.3,28
288.4,0,0,185.7,0,1104.6,784.3,28
289,0,0,185.7,0,1091.4,769.3,28
289,342.1,0,185.7,0,955.8,674.3,28
289,210.7,0,185.7,0,977,689.3,28
289,0,0,185.7,0,1118.8,789.3,28
290.2,203.5,0,185.7,0,1076.2,759.3,28
290.4,135.7,0,185.7,0,1076.2,759.3,28
290.4,155.5,0,185.7,0,1026.6,724.3,28
295,316.1,0,185.7,0,977,689.3,28
295.7,193.5,0,185.7,0,998.2,704.3,28
295.7,158.8,0,185.7,0,1040.6,734.3,28
295.7,0,0,185.7,0,1069.2,754.3,28
295.8,0,0,185.7,0,1111.6,784.3,28
296,0,0,185.7,0,1047.8,739.3,28
296,124.1,0,185.7,0,1083.4,764.3,28
296,181.9,0,185.7,0,1012.4,714.3,28
528,148.6,0,185.8,8.5,951,709.5,28
349,0,0,186,0,966,763,1
152,177,0,186,11.1,884.9,707.9,3
349,0,0,186,0,966,763,3
155,177,0,186,11.1,884.9,707.9,7
307,0,0,186,0,1038,758,7
310,0,0,186,0,1050,770,7
337.9,0,0,186,0,1119,789,7
339,0,0,186,0,1090,769,7
339,0,0,186,0,1040,734,7
339,0,0,186,0,1104,774,7
349,0,0,186,0,966,763,7
350,0,0,186,0,1047,739,7
355,0,0,186,0,1111,784,7
366,0,0,186,0,1111,784,7
350,0,0,186,0,966,763,14
160,177,0,186,11.1,884.9,707.9,28
309.9,0,0,186,0,1038,758,28
310,0,0,186,0,1050,770,28
337.9,0,0,186,0,1119,789,28
339,0,0,186,0,1090,769,28
339,0,0,186,0,1040,734,28
350,0,0,186,0,966,763,28
350,0,0,186,0,1047,739,28
355,0,0,186,0,1104,774,28
385,0,107,186,6,879,815,28
387,149,0,186,8,951,709,28
166,177,0,186,11.1,884.9,707.9,56
168,177,0,186,11.1,884.9,707.9,91
525,0,107,186.4,6.1,879,815.2,28
190.3,0,94.1,186.7,7,949.9,847,3
190.3,0,94.1,186.7,7,949.9,847,14
190.3,0,94.1,186.7,7,949.9,847,28
190.3,0,94.1,186.7,7,949.9,847,56
190.3,0,94.1,186.7,7,949.9,847,100
310,0,0,187,0,1025,745,7
310,0,0,187,0,1025,745,28
190.7,0,95.7,187.4,5.5,956.9,861.2,3
190.7,0,95.7,187.4,5.5,956.9,861.2,14
190.7,0,95.7,187.4,5.5,956.9,861.2,28
190.7,0,95.7,187.4,5.5,956.9,861.2,56
190.7,0,95.7,187.4,5.5,956.9,861.2,100
525,120.5,93.9,187.6,9.2,904.4,695.9,28
385,121,94,188,9,904,696,28
198.6,0,118.3,188.5,5.8,1028.4,757.7,3
200,0,118.3,188.5,6.4,1028.4,757.7,3
198.6,0,118.3,188.5,5.8,1028.4,757.7,14
200,0,118.3,188.5,6.4,1028.4,757.7,14
200,0,118.3,188.5,5.8,1028.4,757.7,28
200,0,118.3,188.5,6.4,1028.4,757.7,28
200,0,118.3,188.5,5.8,1028.4,757.7,56
200,0,118.3,188.5,6.4,1028.4,757.7,56
200,0,118.3,188.5,5.8,1028.4,757.7,100
202,0,118.3,188.5,6.4,1028.4,757.7,100
491,98.8,77,188.6,6.5,919,749.3,28
374.3,0,0,189,0,1125,613,3
375,0,0,189,0,1125,613,7
375,0,0,189,0,1125,613,14
236,17.6,158,189,15.3,967,633,28
236,156,0,189,5.9,981,760,28
375,0,0,189,0,1125,613,28
425,99,77,189,6,919,749,28
375,0,0,189,0,1125,613,90
362.6,0,0,189,0,1125,613,180
375,0,0,189,0,1125,613,270
168.9,0,96.7,189.3,4.5,967.1,870.3,3
168.9,0,96.7,189.3,4.5,967.1,870.3,14
168.9,0,96.7,189.3,4.5,967.1,870.3,28
168.9,0,96.7,189.3,4.5,967.1,870.3,56
168.9,0,96.7,189.3,4.5,967.1,870.3,100
236,200,0,190,0,1145,660,28
380,0,0,190,7,1013,730,28
382,164,0,190,5,870,774,28
500,0,0,190.2,6.7,1013.2,730.4,28
516,164.2,0,190.5,4.6,870,774,28
480,116.8,91,190.6,7,946.5,665.6,28
469,169.4,142.7,190.7,8.4,967.4,643.5,28
299.8,0,0,191,0,968,856,3
298.1,0,0,191,0,968,856,14
298.2,0,0,191,0,968,856,28
382,187,0,191,7,824,757,28
401.8,169,143,191,8,967,643,28
425,117,91,191,7,946,666,28
300,0,0,191,0,968,856,90
300,0,0,191,0,968,856,180
300,0,0,191,0,968,856,360
516,187,0,191.3,6.6,824.3,756.9,28
475,170.2,132.6,191.6,8.5,814.1,805.3,28
238.1,0,95.7,191.8,5.3,948.9,857.2,3
246.8,0,95.7,191.8,5.3,948.9,857.2,14
250,0,95.7,191.8,5.3,948.9,857.2,28
251.4,0,95.7,191.8,5.3,948.9,857.2,56
251.8,0,95.7,191.8,5.3,948.9,857.2,100
133,209.4,0,192,0,1047,806.9,3
141.9,0,0,192,0,1047,806.9,3
144.8,132.4,0,192,0,978.4,825.5,3
145.7,0,0,192,0,971,850.6,3
277,0,0,192,0,913.2,895.3,3
277,0,0,192,0,940.6,785.6,3
277.2,0,0,192,0,936.2,712.2,3
277.2,0,0,192,0,931.2,842.6,3
284,0,0,192,0,889.8,945,3
310,153,0,192,0,887,942,3
313,133,0,192,0,965.4,806.2,3
313.3,288,0,192,0,929.8,716.1,3
313.3,102,0,192,0,888,943.1,3
313.3,192,0,192,0,932,717.8,3
314,116,0,192,0,946.8,856.8,3
315,157,0,192,0,972.6,749.1,3
325,200,0,192,0,927.4,839.2,3
331,173,0,192,0,909.8,891.9,3
331,236,0,192,0,935.4,781.2,3
332.5,0,0,192,0,1012,830,3
333,0,0,192,0,1025,821,3
336,0,0,192,0,1056,809,3
350,0,0,192,0,1047,806,3
350,0,0,192,0,978,825,3
359,0,0,192,0,879,825,3
362.6,0,0,192,0,940,758,3
376,0,0,192,0,936,721,3
144,209.4,0,192,0,1047,806.9,7
144,132.4,0,192,0,978.4,825.5,7
277.1,0,0,192,0,936.2,712.2,7
277.2,0,0,192,0,889.8,945,7
277.2,0,0,192,0,913.2,895.3,7
281,0,0,192,0,931.2,842.6,7
284,0,0,192,0,940.6,785.6,7
313.3,116,0,192,0,946.8,856.8,7
314,157,0,192,0,972.6,749.1,7
317.9,153,0,192,0,887,942,7
321,200,0,192,0,927.4,839.2,7
322,236,0,192,0,935.4,781.2,7
322,192,0,192,0,932,717.8,7
326,133,0,192,0,965.4,806.2,7
331,288,0,192,0,929.8,716.1,7
331,102,0,192,0,888,943.1,7
331,173,0,192,0,909.8,891.9,7
332.5,0,0,192,0,1012,830,7
333,0,0,192,0,1025,821,7
336.5,0,0,192,0,1056,809,7
359,0,0,192,0,1085,765,7
359,0,0,192,0,978,825,7
362.6,0,0,192,0,1047,806,7
374,0,0,192,0,970,850,7
116,132.4,0,192,0,978.4,825.5,28
133,209.4,0,192,0,1047,806.9,28
277.1,0,0,192,0,940.6,785.6,28
277.1,0,0,192,0,936.2,712.2,28
279.8,0,0,192,0,889.8,945,28
280,0,0,192,0,931.2,842.6,28
281,0,0,192,0,913.2,895.3,28
313.3,236,0,192,0,935.4,781.2,28
313.3,200,0,192,0,927.4,839.2,28
313.3,288,0,192,0,929.8,716.1,28
318,192,0,192,0,932,717.8,28
318.8,153,0,192,0,887,942,28
318.8,116,0,192,0,946.8,856.8,28
322.2,102,0,192,0,888,943.1,28
322.5,157,0,192,0,972.6,749.1,28
323.7,173,0,192,0,909.8,891.9,28
326,133,0,192,0,965.4,806.2,28
332.5,0,0,192,0,1012,830,28
333,0,0,192,0,1025,821,28
337.9,0,0,192,0,1056,809,28
339,0,0,192,0,936,721,28
359,0,0,192,0,1085,765,28
359,0,0,192,0,978,825,28
362.6,0,0,192,0,1047,806,28
362.6,0,0,192,0,940,758,28
374,0,0,192,0,970,850,28
424,170,133,192,8,814,805,28
427.5,153,194,192,8,935,623,28
116,132.4,0,192,0,978.4,825.5,90
132,209.4,0,192,0,1047,806.9,90
277,0,0,192,0,913.2,895.3,90
277.1,0,0,192,0,940.6,785.6,90
277.1,0,0,192,0,936.2,712.2,90
277.2,0,0,192,0,889.8,945,90
281,0,0,192,0,931.2,842.6,90
310,236,0,192,0,935.4,781.2,90
312.7,153,0,192,0,887,942,90
313,173,0,192,0,909.8,891.9,90
318.8,200,0,192,0,927.4,839.2,90
321,288,0,192,0,929.8,716.1,90
321.4,157,0,192,0,972.6,749.1,90
325.6,192,0,192,0,932,717.8,90
331,102,0,192,0,888,943.1,90
331,133,0,192,0,965.4,806.2,90
331,116,0,192,0,946.8,856.8,90
332.5,0,0,192,0,1012,830,90
333,0,0,192,0,1025,821,90
337.9,0,0,192,0,1056,809,90
339,0,0,192,0,936,721,90
359,0,0,192,0,1085,765,90
362.6,0,0,192,0,978,825,90
362.6,0,0,192,0,1047,806,90
362.6,0,0,192,0,940,758,90
374,0,0,192,0,970,850,90
333,0,0,192,0,1012,830,120
334,0,0,192,0,1025,821,120
337.9,0,0,192,0,1056,809,120
133.1,209.4,0,192,0,1047,806.9,180
139.6,132.4,0,192,0,978.4,825.5,180
350,0,0,192,0,978,825,180
362.6,0,0,192,0,1047,806,180
374,0,0,192,0,970,850,180
108.3,132.4,0,192,0,978.4,825.5,360
146.5,209.4,0,192,0,1047,806.9,360
350,0,0,192,0,978,825,360
362.6,0,0,192,0,1047,806,360
374,0,0,192,0,970,850,360
540,139.4,108.6,192.7,6.1,892.4,780,28
238.1,0,118.3,192.9,5.8,1043.6,754.3,3
249.1,0,118.3,192.9,5.8,1043.6,754.3,14
250,0,118.3,192.9,5.8,1043.6,754.3,28
251.4,0,118.3,192.9,5.8,1043.6,754.3,56
251.8,0,118.3,192.9,5.8,1043.6,754.3,100
304,0,0,193,0,968,812,3
304,0,0,193,0,968,885,7
304,0,0,193,0,968,812,28
385,0,142,193,11,801,778,28
388.6,139,109,193,6,892,780,28
389.9,183,0,193,9,1047,697,28
424,0,143,193,9,1047,697,28
424,183,0,193,9,877,868,28
425,0,143,193,9,877,868,28
304,0,0,193,0,968,812,90
298,0,0,193,0,968,885,180
304,0,0,193,0,968,812,180
298.1,0,0,193,0,968,885,365
304,0,0,193,0,968,812,365
439,183.4,0,193.3,9.1,1047.4,696.7,28
475,0,142.8,193.3,9.1,1047.4,696.7,28
475,183.4,0,193.3,9.1,877.2,867.7,28
491,0,142.8,193.3,9.1,877.2,867.7,28
525,0,141.6,193.3,11,801.4,778.4,28
480,183.9,143.2,193.8,9.2,879.6,698.5,28
520,97.1,75.6,193.8,8.3,835.5,821.4,28
297.8,0,0,194,0,968,885,3
298,0,0,194,0,968,885,14
298,0,0,194,0,968,885,28
382,97,76,194,8,835,821,28
425,184,143,194,9,880,699,28
298,0,0,194,0,968,885,90
475,169.6,0,194.9,8.1,811,802.3,28
480,133.7,0,194.9,5.5,924.1,760.1,28
231.8,0,60,195,0,1030,630,28
387,111,86,195,6,833,790,28
397,111,86,195,5,895,733,28
424,170,0,195,8,811,802,28
425,134,0,195,6,924,760,28
190.3,0,118.2,195.2,6.1,1028.1,757.6,3
190.3,0,118.2,195.2,6.1,1028.1,757.6,14
190.3,0,118.2,195.2,6.1,1028.1,757.6,28
190.3,0,118.2,195.2,6.1,1028.1,757.6,56
190.3,0,118.2,195.2,6.1,1028.1,757.6,100
446,110.5,86.1,195.4,5,895.2,732.6,28
173.8,0,118.3,195.5,4.6,1029.4,758.6,3
178,0,118.3,195.5,4.6,1029.4,758.6,14
178,0,118.3,195.5,4.6,1029.4,758.6,28
540,111,86.5,195.5,5.9,832.6,790.4,28
178,0,118.3,195.5,4.6,1029.4,758.6,56
178,0,118.3,195.5,4.6,1029.4,758.6,100
446,210.2,0,195.7,3.1,949.4,795.3,28
380,0,100,196,10,959,705,28
387,0,116,196,10,818,813,28
389.9,210,0,196,3,949,795,28
427.5,105,193,196,6,965,643,28
500,0,99.6,196,9.8,959.4,705.2,28
540,0,115.6,196,10.4,817.9,813.4,28
296,0,0,197,0,968,781,3
297,0,0,197,0,968,781,7
297.2,0,0,197,0,968,781,14
297.2,0,0,197,0,968,781,28
425,163,128,197,8,961,641,28
297.2,0,0,197,0,968,781,90
297.2,0,0,197,0,968,781,180
297.2,0,0,197,0,968,781,365
170.3,0,94.6,197.9,4.6,947,852.2,3
170.3,0,94.6,197.9,4.6,947,852.2,14
172.4,0,94.6,197.9,4.6,947,852.2,28
172.4,0,94.6,197.9,4.6,947,852.2,56
172.4,0,94.6,197.9,4.6,947,852.2,100
302,0,0,198,0,968,863,3
302,0,0,198,0,968,863,90
302,0,0,198,0,968,863,180
303.6,0,0,198,0,968,863,365
451,0,89.6,198.7,10.6,931.3,762.2,28
397,0,138,199,11,801,792,28
400,0,90,199,11,931,762,28
425,196,98,199,6,847,783,28
446,0,137.9,199,10.8,801.1,792.5,28
339,0,0,200,0,1125,613,1
339,0,0,200,0,1125,613,3
339.2,0,0,200,0,1125,613,7
339.2,0,0,200,0,1125,613,14
233.8,0,0,200,3,1124.4,613.2,28
234,50,0,200,3,1124.4,613.2,28
342,0,0,200,0,1125,613,28
380,239,0,200,6,1002,684,28
393,133,103,200,7,916,753,28
425,214,152,200,9,819,704,28
500,238.7,0,200,6.3,1001.8,683.9,28
362.6,0,0,200,0,1125,613,90
362.6,0,0,200,0,1125,613,180
362.6,0,0,200,0,1125,613,270
446,132.6,103.3,200.3,7.4,916,753.4,28
540,100.5,78.3,200.6,8.6,864.5,761.5,28
266,26,123,201,3.9,822,699,3
266,26,123,201,3.9,822,699,7
261.9,26,123,201,3.9,822,699,28
381.4,137,107,201,6,878,655,28
388.6,100,78,201,9,864,761,28
427.5,209,161,201,7,848,669,28
266,26,123,201,3.9,822,699,56
505,137.2,106.9,201.3,6,878.4,655.3,28
485,0,178.9,201.7,7.8,824,868.7,28
491,114.6,89.3,201.9,8.8,860,829.5,28
379.5,115,89,202,9,860,829,28
389.9,230,0,202,3,827,872,28
425,0,179,202,8,824,869,28
425,214,164,202,10,820,680,28
439,230.5,0,202.5,3.4,827,871.8,28
349,0,0,203,0,974,775,7
349,0,0,203,0,974,775,14
362.6,0,0,203,0,974,817,14
375,0,0,203,0,974,800,14
349,0,0,203,0,974,775,28
375,0,0,203,0,974,800,28
376,0,0,203,0,974,817,28
382.5,188,146,203,11,829,710,28
349,0,0,203,0,974,775,56
349,0,0,203,0,974,775,90
349,0,0,203,0,974,775,180
362.6,0,0,203,0,974,817,180
376,0,0,203,0,974,800,180
525,188,146.4,203.2,11.3,828.7,709.7,28
310,250.2,0,203.5,0,975.6,692.6,3
310,122.6,0,203.5,0,959.2,800,3
321.3,203.5,0,203.5,0,965.4,631,3
322,162.4,0,203.5,0,938.2,849,3
322,141.3,0,203.5,0,973.4,750,3
325,305.3,0,203.5,0,963.4,630,3
326.5,166.8,0,203.5,0,977.6,694.1,3
330.5,183.9,0,203.5,0,958.2,800.1,3
331,212,0,203.5,0,971.8,748.5,3
310,305.3,0,203.5,0,963.4,630,7
313,203.5,0,203.5,0,965.4,631,7
313,212,0,203.5,0,971.8,748.5,7
313.3,166.8,0,203.5,0,977.6,694.1,7
314,141.3,0,203.5,0,973.4,750,7
316.1,250.2,0,203.5,0,975.6,692.6,7
323.7,122.6,0,203.5,0,959.2,800,7
323.7,162.4,0,203.5,0,938.2,849,7
331,183.9,0,203.5,0,958.2,800.1,7
310,212,0,203.5,0,971.8,748.5,28
312.7,183.9,0,203.5,0,958.2,800.1,28
312.9,250.2,0,203.5,0,975.6,692.6,28
313,162.4,0,203.5,0,938.2,849,28
313.8,203.5,0,203.5,0,965.4,631,28
318.8,141.3,0,203.5,0,973.4,750,28
318.8,122.6,0,203.5,0,959.2,800,28
323.7,305.3,0,203.5,0,963.4,630,28
331,166.8,0,203.5,0,977.6,694.1,28
310,166.8,0,203.5,0,977.6,694.1,90
310,183.9,0,203.5,0,958.2,800.1,90
313,162.4,0,203.5,0,938.2,849,90
316.1,122.6,0,203.5,0,959.2,800,90
322,141.3,0,203.5,0,973.4,750,90
331,203.5,0,203.5,0,965.4,631,90
331,212,0,203.5,0,971.8,748.5,90
332.5,250.2,0,203.5,0,975.6,692.6,90
332.5,305.3,0,203.5,0,963.4,630,90
273,11,141,206,1.7,942,801,3
275,11,141,206,1.7,942,801,7
273,11,141,206,1.7,942,801,28
275,11,141,206,1.7,942,801,56
491,105.1,81.8,209.7,9,904,679.7,28
525,0,126.5,209.7,5.7,860.5,736.6,28
540,0,107,209.7,11.1,879.6,744.2,28
262,26,123,210,3.9,882,699,3
264.5,26,123,210,3.9,882,699,7
261,26,123,210,3.9,882,699,28
379.5,105,82,210,9,904,680,28
385,0,126,210,6,861,737,28
387,0,107,210,11,880,744,28
265,26,123,210,3.9,882,699,56
446,0,119.8,211.5,9.9,878.2,727.6,28
393,0,120,212,10,878,728,28
436,86,190,213,6,923,623,28
500,139.9,0,213.5,6.2,895.5,722.5,28
380,140,0,214,6,895,722,28
229.7,0,0,214.6,0,1003.5,762.4,3
230,0,0,214.6,0,1003.5,762.4,14
230,0,0,214.6,0,1003.5,762.4,28
230,0,0,214.6,0,1003.5,762.4,56
230,0,0,214.6,0,1003.5,762.4,100
425,207,172,216,10,822,638,28
277,0,0,218,0,838.4,719.7,28
446,0,194.9,219.7,11,897.7,712.9,28
379.5,144,112,220,10,923,658,28
397,0,195,220,11,898,713,28
491,144.2,112.3,220.1,10.1,923.2,657.9,28
389.9,0,107,221,11,819,778,28
439,178,187,221,7,854,614,28
446,0,106.7,221.4,10.5,819.2,778.4,28
136,0,0,228,0,932,594,7
141.3,47.5,0,228,0,932,594,7
143,237.5,0,228,0,932,594,7
143,95,0,228,0,932,594,7
147,142.5,0,228,0,932,594,7
108.3,95,0,228,0,932,594,28
116,114,0,228,0,932,670,28
116,0,0,228,0,932,594,28
122.6,76,0,228,0,932,670,28
135.7,47.5,0,228,0,932,594,28
139.6,237.5,0,228,0,932,594,28
145,142.5,0,228,0,932,594,28
147.8,190,0,228,0,932,670,28
427.5,174,185,228,7,845,612,28
108.3,114,0,228,0,932,670,90
122.6,190,0,228,0,932,670,90
122.6,0,0,228,0,932,670,90
133,95,0,228,0,932,594,90
139.6,142.5,0,228,0,932,594,90
139.7,0,0,228,0,932,594,90
140,38,0,228,0,932,670,90
141.3,47.5,0,228,0,932,594,90
143.8,237.5,0,228,0,932,594,90
144,76,0,228,0,932,670,90
133,0,0,228,0,932,594,180
133,47.5,0,228,0,932,594,180
135.7,38,0,228,0,932,670,180
139.9,237.5,0,228,0,932,594,180
141.3,0,0,228,0,932,670,180
142,95,0,228,0,932,594,180
143.6,142.5,0,228,0,932,594,180
143.7,190,0,228,0,932,670,180
145,76,0,228,0,932,670,180
146,114,0,228,0,932,670,180
102,142.5,0,228,0,932,594,270
122.6,47.5,0,228,0,932,594,270
135,0,0,228,0,932,670,270
135,95,0,228,0,932,594,270
139.6,0,0,228,0,932,594,270
139.6,237.5,0,228,0,932,594,270
145,76,0,228,0,932,670,270
145.4,114,0,228,0,932,670,270
145.9,190,0,228,0,932,670,270
146,38,0,228,0,932,670,270
102,142.5,0,228,0,932,594,365
108.3,95,0,228,0,932,594,365
132,38,0,228,0,932,670,365
134.7,0,0,228,0,932,670,365
136,76,0,228,0,932,670,365
136.4,114,0,228,0,932,670,365
139.6,190,0,228,0,932,670,365
140,47.5,0,228,0,932,594,365
141.3,237.5,0,228,0,932,594,365
144,0,0,228,0,932,594,365
531.3,163.9,127.7,236.7,5.8,868.6,655.6,28
387,164,128,237,6,869,656,28
439,91.7,71.5,246.9,6,852.9,695.4,28
388.6,92,71,247,6,853,695,28
